{
  "project_info": {
    "project_number": "305608073187",
    "firebase_url": "https://salon-10c31-default-rtdb.firebaseio.com",
    "project_id": "salon-10c31",
    "storage_bucket": "salon-10c31.appspot.com"
  },
  "client": [
    {
      "client_info": {
        "mobilesdk_app_id": "1:305608073187:android:124ccfe510cc45ef5acad6",
        "android_client_info": {
          "package_name": "com.example.a2"
        }
      },
      "oauth_client": [
        {
          "client_id": "305608073187-gitnaln9u2kfkv86f8cho8llb9iutsak.apps.googleusercontent.com",
          "client_type": 3
        }
      ],
      "api_key": [
        {
          "current_key": "AIzaSyCe2eQToVFAy8JfixNKeuyzdKpvgEqUw-E"
        }
      ],
      "services": {
        "appinvite_service": {
          "other_platform_oauth_client": [
            {
              "client_id": "305608073187-gitnaln9u2kfkv86f8cho8llb9iutsak.apps.googleusercontent.com",
              "client_type": 3
            }
          ]
        }
      }
    },
    {
      "client_info": {
        "mobilesdk_app_id": "1:305608073187:android:c8b5f14dfc3d9be55acad6",
        "android_client_info": {
          "package_name": "com.example.kurs"
        }
      },
      "oauth_client": [
        {
          "client_id": "305608073187-b79c3vn37c2itdhgugcmpgo3dddl55tu.apps.googleusercontent.com",
          "client_type": 1,
          "android_info": {
            "package_name": "com.example.kurs",
            "certificate_hash": "811c9367b3134ad285e3f33eeb6488f7ccce0e1d"
          }
        },
        {
          "client_id": "305608073187-gitnaln9u2kfkv86f8cho8llb9iutsak.apps.googleusercontent.com",
          "client_type": 3
        }
      ],
      "api_key": [
        {
          "current_key": "AIzaSyCe2eQToVFAy8JfixNKeuyzdKpvgEqUw-E"
        }
      ],
      "services": {
        "appinvite_service": {
          "other_platform_oauth_client": [
            {
              "client_id": "305608073187-gitnaln9u2kfkv86f8cho8llb9iutsak.apps.googleusercontent.com",
              "client_type": 3
            }
          ]
        }
      }
    }
  ],
  "configuration_version": "1"
}